scenario_id,train_1_id,train_1_type,train_1_weight,train_1_speed,train_2_id,train_2_type,train_2_weight,train_2_speed,location,delay_risk
1,Bhopal Shatabdi (12422),Express,550t,110 km/h,Rajdhani Express (11887),Express,600t,120 km/h,Kanpur Central,Low
2,Bhopal Shatabdi (12681),Express,550t,110 km/h,WAG-12 Heavy Freight (11504),Heavy Freight,6000t,75 km/h,Bhusawal Block,High
3,BOXN Coal Rake (11362),Freight,4500t,60 km/h,Vande Bharat Express (12140),High_Speed,430t,130 km/h,Vijayawada Line,Medium
4,Rajdhani Express (12829),Express,600t,120 km/h,WAG-12 Heavy Freight (12605),Heavy Freight,6000t,75 km/h,Kanpur Central,High
5,BOXN Coal Rake (12258),Freight,4500t,60 km/h,WAG-12 Heavy Freight (12865),Heavy Freight,6000t,75 km/h,Nagpur Crossing,Low
6,Rajdhani Express (12459),Express,600t,120 km/h,BOXN Coal Rake (11590),Freight,4500t,60 km/h,Itarsi Junction,High
7,EMU Local (12496),Commuter,300t,80 km/h,Bhopal Shatabdi (11677),Express,550t,110 km/h,Nagpur Crossing,Medium
8,Vande Bharat Express (12786),High_Speed,430t,130 km/h,WAG-12 Heavy Freight (12549),Heavy Freight,6000t,75 km/h,Itarsi Junction,Low
9,Vande Bharat Express (11009),High_Speed,430t,130 km/h,EMU Local (12703),Commuter,300t,80 km/h,Itarsi Junction,Medium
10,Bhopal Shatabdi (12901),Express,550t,110 km/h,BOXN Coal Rake (12461),Freight,4500t,60 km/h,Bhusawal Block,Low
11,BOXN Coal Rake (11358),Freight,4500t,60 km/h,Bhopal Shatabdi (11918),Express,550t,110 km/h,Vijayawada Line,High
12,Bhopal Shatabdi (12666),Express,550t,110 km/h,EMU Local (12142),Commuter,300t,80 km/h,Bhusawal Block,Low
13,Vande Bharat Express (11197),High_Speed,430t,130 km/h,Bhopal Shatabdi (12415),Express,550t,110 km/h,Kanpur Central,Low
14,WAG-12 Heavy Freight (12165),Heavy Freight,6000t,75 km/h,Bhopal Shatabdi (11955),Express,550t,110 km/h,Vijayawada Line,Low
15,EMU Local (11837),Commuter,300t,80 km/h,BOXN Coal Rake (11859),Freight,4500t,60 km/h,Itarsi Junction,Low
16,Rajdhani Express (11156),Express,600t,120 km/h,WAG-12 Heavy Freight (11559),Heavy Freight,6000t,75 km/h,Itarsi Junction,Medium
17,WAG-12 Heavy Freight (12017),Heavy Freight,6000t,75 km/h,Bhopal Shatabdi (11262),Express,550t,110 km/h,Vijayawada Line,High
18,BOXN Coal Rake (11214),Freight,4500t,60 km/h,Rajdhani Express (12031),Express,600t,120 km/h,Itarsi Junction,Low
19,Rajdhani Express (11402),Express,600t,120 km/h,WAG-12 Heavy Freight (11384),Heavy Freight,6000t,75 km/h,Nagpur Crossing,Medium
20,BOXN Coal Rake (11036),Freight,4500t,60 km/h,EMU Local (11666),Commuter,300t,80 km/h,Kanpur Central,Medium
21,EMU Local (11578),Commuter,300t,80 km/h,WAG-12 Heavy Freight (11561),Heavy Freight,6000t,75 km/h,Nagpur Crossing,Medium
22,BOXN Coal Rake (11797),Freight,4500t,60 km/h,EMU Local (12398),Commuter,300t,80 km/h,Nagpur Crossing,Low
23,EMU Local (11080),Commuter,300t,80 km/h,Bhopal Shatabdi (12617),Express,550t,110 km/h,Itarsi Junction,High
24,BOXN Coal Rake (11892),Freight,4500t,60 km/h,EMU Local (11587),Commuter,300t,80 km/h,Kanpur Central,Low
25,EMU Local (11292),Commuter,300t,80 km/h,Bhopal Shatabdi (12217),Express,550t,110 km/h,Nagpur Crossing,Medium
26,Vande Bharat Express (11731),High_Speed,430t,130 km/h,EMU Local (11422),Commuter,300t,80 km/h,Nagpur Crossing,High
27,Vande Bharat Express (12755),High_Speed,430t,130 km/h,BOXN Coal Rake (12123),Freight,4500t,60 km/h,Vijayawada Line,Medium
28,EMU Local (12478),Commuter,300t,80 km/h,BOXN Coal Rake (11693),Freight,4500t,60 km/h,Bhusawal Block,Low
29,BOXN Coal Rake (12918),Freight,4500t,60 km/h,Rajdhani Express (12586),Express,600t,120 km/h,Nagpur Crossing,Low
30,Vande Bharat Express (12529),High_Speed,430t,130 km/h,WAG-12 Heavy Freight (12698),Heavy Freight,6000t,75 km/h,Kanpur Central,Medium
31,Bhopal Shatabdi (12965),Express,550t,110 km/h,Rajdhani Express (11893),Express,600t,120 km/h,Itarsi Junction,Low
32,Rajdhani Express (12564),Express,600t,120 km/h,Vande Bharat Express (11836),High_Speed,430t,130 km/h,Kanpur Central,Low
33,BOXN Coal Rake (11905),Freight,4500t,60 km/h,WAG-12 Heavy Freight (11871),Heavy Freight,6000t,75 km/h,Nagpur Crossing,Low
34,Bhopal Shatabdi (12718),Express,550t,110 km/h,EMU Local (12214),Commuter,300t,80 km/h,Bhusawal Block,Medium
35,WAG-12 Heavy Freight (11961),Heavy Freight,6000t,75 km/h,EMU Local (12413),Commuter,300t,80 km/h,Kanpur Central,Medium
36,Rajdhani Express (12893),Express,600t,120 km/h,BOXN Coal Rake (11999),Freight,4500t,60 km/h,Itarsi Junction,Low
37,Rajdhani Express (11299),Express,600t,120 km/h,EMU Local (11725),Commuter,300t,80 km/h,Vijayawada Line,Medium
38,Vande Bharat Express (11482),High_Speed,430t,130 km/h,Rajdhani Express (11282),Express,600t,120 km/h,Vijayawada Line,High
39,Vande Bharat Express (11323),High_Speed,430t,130 km/h,Bhopal Shatabdi (12827),Express,550t,110 km/h,Bhusawal Block,High
40,Vande Bharat Express (12801),High_Speed,430t,130 km/h,Bhopal Shatabdi (12177),Express,550t,110 km/h,Vijayawada Line,Low
41,EMU Local (12863),Commuter,300t,80 km/h,Vande Bharat Express (12793),High_Speed,430t,130 km/h,Nagpur Crossing,Low
42,Rajdhani Express (12993),Express,600t,120 km/h,Bhopal Shatabdi (11612),Express,550t,110 km/h,Itarsi Junction,Low
43,WAG-12 Heavy Freight (12502),Heavy Freight,6000t,75 km/h,EMU Local (11639),Commuter,300t,80 km/h,Nagpur Crossing,High
44,Rajdhani Express (12905),Express,600t,120 km/h,WAG-12 Heavy Freight (12494),Heavy Freight,6000t,75 km/h,Nagpur Crossing,Low
45,WAG-12 Heavy Freight (12127),Heavy Freight,6000t,75 km/h,Vande Bharat Express (11391),High_Speed,430t,130 km/h,Bhusawal Block,High
46,WAG-12 Heavy Freight (11943),Heavy Freight,6000t,75 km/h,Bhopal Shatabdi (11319),Express,550t,110 km/h,Vijayawada Line,Low
47,Bhopal Shatabdi (12292),Express,550t,110 km/h,EMU Local (11893),Commuter,300t,80 km/h,Vijayawada Line,Medium
48,Vande Bharat Express (12839),High_Speed,430t,130 km/h,WAG-12 Heavy Freight (12932),Heavy Freight,6000t,75 km/h,Itarsi Junction,Medium
49,WAG-12 Heavy Freight (11566),Heavy Freight,6000t,75 km/h,EMU Local (12715),Commuter,300t,80 km/h,Vijayawada Line,Low
50,EMU Local (12910),Commuter,300t,80 km/h,Vande Bharat Express (12087),High_Speed,430t,130 km/h,Kanpur Central,High
51,Rajdhani Express (11708),Express,600t,120 km/h,WAG-12 Heavy Freight (11695),Heavy Freight,6000t,75 km/h,Bhusawal Block,Medium
52,Vande Bharat Express (11455),High_Speed,430t,130 km/h,WAG-12 Heavy Freight (11646),Heavy Freight,6000t,75 km/h,Itarsi Junction,High
53,WAG-12 Heavy Freight (12834),Heavy Freight,6000t,75 km/h,Vande Bharat Express (12748),High_Speed,430t,130 km/h,Itarsi Junction,Medium
54,Rajdhani Express (12555),Express,600t,120 km/h,Vande Bharat Express (11725),High_Speed,430t,130 km/h,Kanpur Central,High
55,EMU Local (12634),Commuter,300t,80 km/h,Rajdhani Express (11701),Express,600t,120 km/h,Bhusawal Block,Low
56,BOXN Coal Rake (11494),Freight,4500t,60 km/h,WAG-12 Heavy Freight (12609),Heavy Freight,6000t,75 km/h,Vijayawada Line,High
57,Rajdhani Express (11745),Express,600t,120 km/h,EMU Local (11879),Commuter,300t,80 km/h,Vijayawada Line,High
58,Rajdhani Express (12942),Express,600t,120 km/h,Bhopal Shatabdi (12420),Express,550t,110 km/h,Bhusawal Block,Low
59,BOXN Coal Rake (11396),Freight,4500t,60 km/h,Bhopal Shatabdi (11297),Express,550t,110 km/h,Nagpur Crossing,High
60,EMU Local (11829),Commuter,300t,80 km/h,BOXN Coal Rake (11594),Freight,4500t,60 km/h,Vijayawada Line,Medium
61,Rajdhani Express (12213),Express,600t,120 km/h,Bhopal Shatabdi (11480),Express,550t,110 km/h,Nagpur Crossing,Medium
62,Rajdhani Express (12819),Express,600t,120 km/h,Bhopal Shatabdi (12138),Express,550t,110 km/h,Nagpur Crossing,High
63,Bhopal Shatabdi (12170),Express,550t,110 km/h,BOXN Coal Rake (11755),Freight,4500t,60 km/h,Vijayawada Line,Medium
64,Vande Bharat Express (11946),High_Speed,430t,130 km/h,Rajdhani Express (12503),Express,600t,120 km/h,Vijayawada Line,High
65,Bhopal Shatabdi (11097),Express,550t,110 km/h,WAG-12 Heavy Freight (11294),Heavy Freight,6000t,75 km/h,Kanpur Central,High
66,Vande Bharat Express (11848),High_Speed,430t,130 km/h,Bhopal Shatabdi (12297),Express,550t,110 km/h,Itarsi Junction,High
67,Bhopal Shatabdi (12517),Express,550t,110 km/h,Rajdhani Express (11479),Express,600t,120 km/h,Kanpur Central,Low
68,EMU Local (11435),Commuter,300t,80 km/h,WAG-12 Heavy Freight (11947),Heavy Freight,6000t,75 km/h,Vijayawada Line,Medium
69,Vande Bharat Express (12812),High_Speed,430t,130 km/h,Bhopal Shatabdi (11887),Express,550t,110 km/h,Kanpur Central,Medium
70,Rajdhani Express (12327),Express,600t,120 km/h,WAG-12 Heavy Freight (11603),Heavy Freight,6000t,75 km/h,Nagpur Crossing,Medium
71,Rajdhani Express (11193),Express,600t,120 km/h,Bhopal Shatabdi (11395),Express,550t,110 km/h,Nagpur Crossing,Medium
72,Bhopal Shatabdi (11792),Express,550t,110 km/h,EMU Local (12542),Commuter,300t,80 km/h,Bhusawal Block,Low
73,WAG-12 Heavy Freight (11635),Heavy Freight,6000t,75 km/h,Rajdhani Express (12498),Express,600t,120 km/h,Kanpur Central,Medium
74,Bhopal Shatabdi (11858),Express,550t,110 km/h,EMU Local (11254),Commuter,300t,80 km/h,Vijayawada Line,Medium
75,Rajdhani Express (12764),Express,600t,120 km/h,EMU Local (12954),Commuter,300t,80 km/h,Bhusawal Block,Medium
76,Rajdhani Express (11573),Express,600t,120 km/h,BOXN Coal Rake (12785),Freight,4500t,60 km/h,Nagpur Crossing,High
77,BOXN Coal Rake (11516),Freight,4500t,60 km/h,Vande Bharat Express (12227),High_Speed,430t,130 km/h,Kanpur Central,Low
78,EMU Local (12756),Commuter,300t,80 km/h,Vande Bharat Express (12918),High_Speed,430t,130 km/h,Kanpur Central,Medium
79,EMU Local (11360),Commuter,300t,80 km/h,Rajdhani Express (12378),Express,600t,120 km/h,Vijayawada Line,Medium
80,WAG-12 Heavy Freight (11263),Heavy Freight,6000t,75 km/h,Vande Bharat Express (12391),High_Speed,430t,130 km/h,Itarsi Junction,Medium
81,Vande Bharat Express (12365),High_Speed,430t,130 km/h,EMU Local (12238),Commuter,300t,80 km/h,Bhusawal Block,Low
82,Vande Bharat Express (11529),High_Speed,430t,130 km/h,BOXN Coal Rake (12443),Freight,4500t,60 km/h,Nagpur Crossing,Medium
83,WAG-12 Heavy Freight (11257),Heavy Freight,6000t,75 km/h,BOXN Coal Rake (11569),Freight,4500t,60 km/h,Bhusawal Block,High
84,BOXN Coal Rake (12781),Freight,4500t,60 km/h,Vande Bharat Express (11173),High_Speed,430t,130 km/h,Bhusawal Block,Medium
85,Rajdhani Express (11923),Express,600t,120 km/h,Vande Bharat Express (11785),High_Speed,430t,130 km/h,Itarsi Junction,High
86,Rajdhani Express (12436),Express,600t,120 km/h,Vande Bharat Express (11144),High_Speed,430t,130 km/h,Nagpur Crossing,Medium
87,EMU Local (11213),Commuter,300t,80 km/h,BOXN Coal Rake (11295),Freight,4500t,60 km/h,Itarsi Junction,High
88,Rajdhani Express (12670),Express,600t,120 km/h,Vande Bharat Express (12979),High_Speed,430t,130 km/h,Vijayawada Line,Low
89,WAG-12 Heavy Freight (12513),Heavy Freight,6000t,75 km/h,Bhopal Shatabdi (12073),Express,550t,110 km/h,Vijayawada Line,Low
90,EMU Local (11884),Commuter,300t,80 km/h,BOXN Coal Rake (12567),Freight,4500t,60 km/h,Bhusawal Block,Low
91,WAG-12 Heavy Freight (11446),Heavy Freight,6000t,75 km/h,Vande Bharat Express (11755),High_Speed,430t,130 km/h,Nagpur Crossing,High
92,BOXN Coal Rake (11122),Freight,4500t,60 km/h,EMU Local (12556),Commuter,300t,80 km/h,Itarsi Junction,Medium
93,WAG-12 Heavy Freight (11222),Heavy Freight,6000t,75 km/h,BOXN Coal Rake (12519),Freight,4500t,60 km/h,Vijayawada Line,High
94,EMU Local (11908),Commuter,300t,80 km/h,Rajdhani Express (11061),Express,600t,120 km/h,Bhusawal Block,Medium
95,WAG-12 Heavy Freight (12000),Heavy Freight,6000t,75 km/h,EMU Local (12030),Commuter,300t,80 km/h,Kanpur Central,Medium
96,BOXN Coal Rake (11567),Freight,4500t,60 km/h,WAG-12 Heavy Freight (11386),Heavy Freight,6000t,75 km/h,Kanpur Central,Medium
97,Bhopal Shatabdi (11834),Express,550t,110 km/h,Rajdhani Express (11364),Express,600t,120 km/h,Nagpur Crossing,Medium
98,WAG-12 Heavy Freight (12813),Heavy Freight,6000t,75 km/h,EMU Local (11301),Commuter,300t,80 km/h,Nagpur Crossing,Low
99,Rajdhani Express (11451),Express,600t,120 km/h,WAG-12 Heavy Freight (11419),Heavy Freight,6000t,75 km/h,Bhusawal Block,Medium
100,BOXN Coal Rake (11265),Freight,4500t,60 km/h,EMU Local (12864),Commuter,300t,80 km/h,Nagpur Crossing,Low
101,BOXN Coal Rake (11356),Freight,4500t,60 km/h,Vande Bharat Express (11978),High_Speed,430t,130 km/h,Itarsi Junction,Low
102,WAG-12 Heavy Freight (12179),Heavy Freight,6000t,75 km/h,BOXN Coal Rake (11013),Freight,4500t,60 km/h,Nagpur Crossing,Medium
103,BOXN Coal Rake (11431),Freight,4500t,60 km/h,Rajdhani Express (12188),Express,600t,120 km/h,Kanpur Central,High
104,Vande Bharat Express (12654),High_Speed,430t,130 km/h,Rajdhani Express (12588),Express,600t,120 km/h,Bhusawal Block,Medium
105,Rajdhani Express (11343),Express,600t,120 km/h,WAG-12 Heavy Freight (11442),Heavy Freight,6000t,75 km/h,Nagpur Crossing,High
106,Rajdhani Express (12485),Express,600t,120 km/h,Vande Bharat Express (12609),High_Speed,430t,130 km/h,Vijayawada Line,High
107,WAG-12 Heavy Freight (12290),Heavy Freight,6000t,75 km/h,EMU Local (12197),Commuter,300t,80 km/h,Nagpur Crossing,Low
108,Bhopal Shatabdi (12921),Express,550t,110 km/h,WAG-12 Heavy Freight (12403),Heavy Freight,6000t,75 km/h,Bhusawal Block,Medium
109,Bhopal Shatabdi (11482),Express,550t,110 km/h,Rajdhani Express (12795),Express,600t,120 km/h,Itarsi Junction,High
110,Bhopal Shatabdi (11823),Express,550t,110 km/h,Vande Bharat Express (11414),High_Speed,430t,130 km/h,Bhusawal Block,Low
111,Bhopal Shatabdi (11449),Express,550t,110 km/h,Rajdhani Express (12238),Express,600t,120 km/h,Vijayawada Line,High
112,Rajdhani Express (11452),Express,600t,120 km/h,BOXN Coal Rake (11621),Freight,4500t,60 km/h,Kanpur Central,Medium
113,Vande Bharat Express (12012),High_Speed,430t,130 km/h,Bhopal Shatabdi (11035),Express,550t,110 km/h,Vijayawada Line,Low
114,Bhopal Shatabdi (12165),Express,550t,110 km/h,EMU Local (12583),Commuter,300t,80 km/h,Kanpur Central,High
115,WAG-12 Heavy Freight (12962),Heavy Freight,6000t,75 km/h,EMU Local (11208),Commuter,300t,80 km/h,Kanpur Central,Low
116,WAG-12 Heavy Freight (11410),Heavy Freight,6000t,75 km/h,Vande Bharat Express (12988),High_Speed,430t,130 km/h,Nagpur Crossing,High
117,WAG-12 Heavy Freight (11548),Heavy Freight,6000t,75 km/h,Bhopal Shatabdi (11623),Express,550t,110 km/h,Vijayawada Line,Medium
118,Vande Bharat Express (12254),High_Speed,430t,130 km/h,EMU Local (12981),Commuter,300t,80 km/h,Bhusawal Block,Low
119,Vande Bharat Express (12488),High_Speed,430t,130 km/h,Rajdhani Express (12792),Express,600t,120 km/h,Vijayawada Line,Medium
120,Rajdhani Express (12121),Express,600t,120 km/h,EMU Local (11595),Commuter,300t,80 km/h,Vijayawada Line,Low
121,BOXN Coal Rake (11159),Freight,4500t,60 km/h,EMU Local (12486),Commuter,300t,80 km/h,Vijayawada Line,Medium
122,Vande Bharat Express (12792),High_Speed,430t,130 km/h,WAG-12 Heavy Freight (12604),Heavy Freight,6000t,75 km/h,Bhusawal Block,Medium
123,EMU Local (12840),Commuter,300t,80 km/h,BOXN Coal Rake (11469),Freight,4500t,60 km/h,Itarsi Junction,Low
124,EMU Local (12849),Commuter,300t,80 km/h,Rajdhani Express (12595),Express,600t,120 km/h,Itarsi Junction,Low
125,Bhopal Shatabdi (12221),Express,550t,110 km/h,Vande Bharat Express (11033),High_Speed,430t,130 km/h,Bhusawal Block,Medium
126,Bhopal Shatabdi (11242),Express,550t,110 km/h,Rajdhani Express (11412),Express,600t,120 km/h,Nagpur Crossing,High
127,Rajdhani Express (12880),Express,600t,120 km/h,EMU Local (11154),Commuter,300t,80 km/h,Bhusawal Block,Medium
128,WAG-12 Heavy Freight (11384),Heavy Freight,6000t,75 km/h,Rajdhani Express (12727),Express,600t,120 km/h,Vijayawada Line,High
129,EMU Local (11444),Commuter,300t,80 km/h,Bhopal Shatabdi (11680),Express,550t,110 km/h,Vijayawada Line,Medium
130,WAG-12 Heavy Freight (12673),Heavy Freight,6000t,75 km/h,BOXN Coal Rake (11989),Freight,4500t,60 km/h,Vijayawada Line,High
131,EMU Local (12491),Commuter,300t,80 km/h,BOXN Coal Rake (12941),Freight,4500t,60 km/h,Vijayawada Line,Low
132,BOXN Coal Rake (12913),Freight,4500t,60 km/h,Bhopal Shatabdi (12680),Express,550t,110 km/h,Bhusawal Block,Medium
133,EMU Local (11403),Commuter,300t,80 km/h,Vande Bharat Express (12087),High_Speed,430t,130 km/h,Vijayawada Line,Low
134,BOXN Coal Rake (11059),Freight,4500t,60 km/h,Vande Bharat Express (11322),High_Speed,430t,130 km/h,Nagpur Crossing,High
135,BOXN Coal Rake (12670),Freight,4500t,60 km/h,WAG-12 Heavy Freight (12941),Heavy Freight,6000t,75 km/h,Bhusawal Block,Medium
136,EMU Local (11591),Commuter,300t,80 km/h,WAG-12 Heavy Freight (12589),Heavy Freight,6000t,75 km/h,Bhusawal Block,Medium
137,Vande Bharat Express (11107),High_Speed,430t,130 km/h,BOXN Coal Rake (12667),Freight,4500t,60 km/h,Bhusawal Block,Low
138,Vande Bharat Express (11421),High_Speed,430t,130 km/h,Rajdhani Express (12621),Express,600t,120 km/h,Bhusawal Block,High
139,WAG-12 Heavy Freight (11015),Heavy Freight,6000t,75 km/h,Bhopal Shatabdi (11148),Express,550t,110 km/h,Itarsi Junction,Low
140,EMU Local (12724),Commuter,300t,80 km/h,BOXN Coal Rake (12829),Freight,4500t,60 km/h,Nagpur Crossing,High
141,BOXN Coal Rake (12589),Freight,4500t,60 km/h,Rajdhani Express (12526),Express,600t,120 km/h,Bhusawal Block,Low
142,WAG-12 Heavy Freight (12451),Heavy Freight,6000t,75 km/h,Bhopal Shatabdi (11186),Express,550t,110 km/h,Itarsi Junction,Low
143,Vande Bharat Express (12108),High_Speed,430t,130 km/h,Rajdhani Express (12349),Express,600t,120 km/h,Bhusawal Block,Low
144,BOXN Coal Rake (12604),Freight,4500t,60 km/h,Vande Bharat Express (11865),High_Speed,430t,130 km/h,Vijayawada Line,High
145,Bhopal Shatabdi (11003),Express,550t,110 km/h,Vande Bharat Express (11633),High_Speed,430t,130 km/h,Itarsi Junction,High
146,EMU Local (11588),Commuter,300t,80 km/h,Bhopal Shatabdi (11334),Express,550t,110 km/h,Bhusawal Block,Low
147,BOXN Coal Rake (11255),Freight,4500t,60 km/h,Rajdhani Express (11961),Express,600t,120 km/h,Vijayawada Line,High
148,Vande Bharat Express (11777),High_Speed,430t,130 km/h,Rajdhani Express (12904),Express,600t,120 km/h,Kanpur Central,Low
149,BOXN Coal Rake (11242),Freight,4500t,60 km/h,Rajdhani Express (11822),Express,600t,120 km/h,Vijayawada Line,High
150,BOXN Coal Rake (11937),Freight,4500t,60 km/h,Rajdhani Express (12859),Express,600t,120 km/h,Kanpur Central,Low
151,WAG-12 Heavy Freight (11355),Heavy Freight,6000t,75 km/h,BOXN Coal Rake (11650),Freight,4500t,60 km/h,Vijayawada Line,High
152,BOXN Coal Rake (11256),Freight,4500t,60 km/h,Rajdhani Express (12111),Express,600t,120 km/h,Vijayawada Line,High
153,EMU Local (12468),Commuter,300t,80 km/h,BOXN Coal Rake (11448),Freight,4500t,60 km/h,Itarsi Junction,High
154,BOXN Coal Rake (12431),Freight,4500t,60 km/h,Rajdhani Express (12944),Express,600t,120 km/h,Itarsi Junction,Medium
155,Bhopal Shatabdi (12456),Express,550t,110 km/h,Vande Bharat Express (11602),High_Speed,430t,130 km/h,Kanpur Central,Medium
156,Bhopal Shatabdi (11562),Express,550t,110 km/h,BOXN Coal Rake (11692),Freight,4500t,60 km/h,Itarsi Junction,Low
157,Rajdhani Express (12697),Express,600t,120 km/h,Vande Bharat Express (12907),High_Speed,430t,130 km/h,Nagpur Crossing,High
158,BOXN Coal Rake (11433),Freight,4500t,60 km/h,Rajdhani Express (11594),Express,600t,120 km/h,Vijayawada Line,Low
159,Bhopal Shatabdi (12356),Express,550t,110 km/h,Vande Bharat Express (11691),High_Speed,430t,130 km/h,Itarsi Junction,High
160,Rajdhani Express (12131),Express,600t,120 km/h,EMU Local (12937),Commuter,300t,80 km/h,Nagpur Crossing,High
161,Bhopal Shatabdi (11763),Express,550t,110 km/h,Vande Bharat Express (12817),High_Speed,430t,130 km/h,Bhusawal Block,High
162,Rajdhani Express (11829),Express,600t,120 km/h,EMU Local (12411),Commuter,300t,80 km/h,Kanpur Central,Medium
163,Bhopal Shatabdi (12521),Express,550t,110 km/h,Rajdhani Express (11831),Express,600t,120 km/h,Bhusawal Block,Medium
164,Vande Bharat Express (12051),High_Speed,430t,130 km/h,EMU Local (11574),Commuter,300t,80 km/h,Nagpur Crossing,Medium
165,BOXN Coal Rake (12759),Freight,4500t,60 km/h,Vande Bharat Express (12841),High_Speed,430t,130 km/h,Bhusawal Block,Medium
166,Vande Bharat Express (12505),High_Speed,430t,130 km/h,BOXN Coal Rake (11106),Freight,4500t,60 km/h,Bhusawal Block,High
167,EMU Local (12008),Commuter,300t,80 km/h,Bhopal Shatabdi (11911),Express,550t,110 km/h,Bhusawal Block,Medium
168,Bhopal Shatabdi (11621),Express,550t,110 km/h,Rajdhani Express (11515),Express,600t,120 km/h,Itarsi Junction,Medium
169,BOXN Coal Rake (11026),Freight,4500t,60 km/h,Rajdhani Express (11471),Express,600t,120 km/h,Vijayawada Line,High
170,Bhopal Shatabdi (12899),Express,550t,110 km/h,BOXN Coal Rake (11840),Freight,4500t,60 km/h,Vijayawada Line,High
171,Vande Bharat Express (11884),High_Speed,430t,130 km/h,Rajdhani Express (12342),Express,600t,120 km/h,Itarsi Junction,Medium
172,BOXN Coal Rake (11729),Freight,4500t,60 km/h,Bhopal Shatabdi (11725),Express,550t,110 km/h,Itarsi Junction,Medium
173,Vande Bharat Express (11224),High_Speed,430t,130 km/h,EMU Local (11714),Commuter,300t,80 km/h,Bhusawal Block,High
174,EMU Local (12399),Commuter,300t,80 km/h,Vande Bharat Express (12403),High_Speed,430t,130 km/h,Itarsi Junction,Low
175,Vande Bharat Express (11633),High_Speed,430t,130 km/h,Rajdhani Express (11752),Express,600t,120 km/h,Bhusawal Block,Low
176,Bhopal Shatabdi (11482),Express,550t,110 km/h,WAG-12 Heavy Freight (11037),Heavy Freight,6000t,75 km/h,Kanpur Central,High
177,Vande Bharat Express (12623),High_Speed,430t,130 km/h,BOXN Coal Rake (12371),Freight,4500t,60 km/h,Nagpur Crossing,High
178,Vande Bharat Express (12804),High_Speed,430t,130 km/h,BOXN Coal Rake (11278),Freight,4500t,60 km/h,Kanpur Central,Medium
179,Bhopal Shatabdi (11761),Express,550t,110 km/h,Vande Bharat Express (12122),High_Speed,430t,130 km/h,Vijayawada Line,High
180,WAG-12 Heavy Freight (11950),Heavy Freight,6000t,75 km/h,Rajdhani Express (11984),Express,600t,120 km/h,Nagpur Crossing,High
181,Vande Bharat Express (11063),High_Speed,430t,130 km/h,EMU Local (11140),Commuter,300t,80 km/h,Bhusawal Block,Low
182,EMU Local (11679),Commuter,300t,80 km/h,Vande Bharat Express (12332),High_Speed,430t,130 km/h,Vijayawada Line,Low
183,BOXN Coal Rake (12758),Freight,4500t,60 km/h,Vande Bharat Express (11010),High_Speed,430t,130 km/h,Vijayawada Line,Medium
184,BOXN Coal Rake (12926),Freight,4500t,60 km/h,WAG-12 Heavy Freight (12874),Heavy Freight,6000t,75 km/h,Bhusawal Block,Low
185,EMU Local (11483),Commuter,300t,80 km/h,BOXN Coal Rake (11504),Freight,4500t,60 km/h,Nagpur Crossing,High
186,EMU Local (11751),Commuter,300t,80 km/h,Vande Bharat Express (11925),High_Speed,430t,130 km/h,Nagpur Crossing,Medium
187,WAG-12 Heavy Freight (12148),Heavy Freight,6000t,75 km/h,EMU Local (12449),Commuter,300t,80 km/h,Nagpur Crossing,Medium
188,BOXN Coal Rake (11502),Freight,4500t,60 km/h,Vande Bharat Express (12669),High_Speed,430t,130 km/h,Kanpur Central,Low
189,Rajdhani Express (12413),Express,600t,120 km/h,WAG-12 Heavy Freight (11798),Heavy Freight,6000t,75 km/h,Itarsi Junction,High
190,BOXN Coal Rake (11577),Freight,4500t,60 km/h,EMU Local (11739),Commuter,300t,80 km/h,Kanpur Central,Low
191,EMU Local (11770),Commuter,300t,80 km/h,BOXN Coal Rake (11210),Freight,4500t,60 km/h,Nagpur Crossing,Low
192,EMU Local (12009),Commuter,300t,80 km/h,Rajdhani Express (11181),Express,600t,120 km/h,Vijayawada Line,Low
193,BOXN Coal Rake (11601),Freight,4500t,60 km/h,Bhopal Shatabdi (11146),Express,550t,110 km/h,Vijayawada Line,Low
194,EMU Local (12776),Commuter,300t,80 km/h,Vande Bharat Express (11602),High_Speed,430t,130 km/h,Kanpur Central,Low
195,EMU Local (12106),Commuter,300t,80 km/h,Vande Bharat Express (12810),High_Speed,430t,130 km/h,Kanpur Central,Medium
196,Bhopal Shatabdi (11298),Express,550t,110 km/h,WAG-12 Heavy Freight (12519),Heavy Freight,6000t,75 km/h,Nagpur Crossing,Low
197,BOXN Coal Rake (11882),Freight,4500t,60 km/h,WAG-12 Heavy Freight (12510),Heavy Freight,6000t,75 km/h,Vijayawada Line,Low
198,BOXN Coal Rake (11509),Freight,4500t,60 km/h,Vande Bharat Express (12962),High_Speed,430t,130 km/h,Nagpur Crossing,Medium
199,BOXN Coal Rake (12407),Freight,4500t,60 km/h,Rajdhani Express (12189),Express,600t,120 km/h,Bhusawal Block,Medium
200,BOXN Coal Rake (11306),Freight,4500t,60 km/h,WAG-12 Heavy Freight (11635),Heavy Freight,6000t,75 km/h,Vijayawada Line,High
201,BOXN Coal Rake (11921),Freight,4500t,60 km/h,WAG-12 Heavy Freight (11648),Heavy Freight,6000t,75 km/h,Kanpur Central,Medium
202,Rajdhani Express (12810),Express,600t,120 km/h,EMU Local (11912),Commuter,300t,80 km/h,Vijayawada Line,Medium
203,EMU Local (11635),Commuter,300t,80 km/h,BOXN Coal Rake (11958),Freight,4500t,60 km/h,Vijayawada Line,Low
204,BOXN Coal Rake (11706),Freight,4500t,60 km/h,Rajdhani Express (11829),Express,600t,120 km/h,Itarsi Junction,Low
205,WAG-12 Heavy Freight (11766),Heavy Freight,6000t,75 km/h,Rajdhani Express (11973),Express,600t,120 km/h,Kanpur Central,High
206,BOXN Coal Rake (11935),Freight,4500t,60 km/h,Bhopal Shatabdi (11816),Express,550t,110 km/h,Vijayawada Line,High
207,WAG-12 Heavy Freight (11124),Heavy Freight,6000t,75 km/h,Rajdhani Express (12016),Express,600t,120 km/h,Kanpur Central,Low
208,Rajdhani Express (12758),Express,600t,120 km/h,WAG-12 Heavy Freight (12129),Heavy Freight,6000t,75 km/h,Vijayawada Line,Low
209,WAG-12 Heavy Freight (11558),Heavy Freight,6000t,75 km/h,Vande Bharat Express (11068),High_Speed,430t,130 km/h,Kanpur Central,High
210,Bhopal Shatabdi (11727),Express,550t,110 km/h,BOXN Coal Rake (12986),Freight,4500t,60 km/h,Bhusawal Block,Low
211,Bhopal Shatabdi (11540),Express,550t,110 km/h,BOXN Coal Rake (11771),Freight,4500t,60 km/h,Bhusawal Block,Low
212,BOXN Coal Rake (12614),Freight,4500t,60 km/h,EMU Local (11292),Commuter,300t,80 km/h,Bhusawal Block,High
213,EMU Local (12808),Commuter,300t,80 km/h,Vande Bharat Express (12117),High_Speed,430t,130 km/h,Bhusawal Block,High
214,BOXN Coal Rake (11644),Freight,4500t,60 km/h,Vande Bharat Express (11226),High_Speed,430t,130 km/h,Itarsi Junction,Medium
215,Vande Bharat Express (11786),High_Speed,430t,130 km/h,WAG-12 Heavy Freight (11896),Heavy Freight,6000t,75 km/h,Vijayawada Line,Low
216,BOXN Coal Rake (12813),Freight,4500t,60 km/h,EMU Local (11864),Commuter,300t,80 km/h,Nagpur Crossing,High
217,Vande Bharat Express (12519),High_Speed,430t,130 km/h,WAG-12 Heavy Freight (12968),Heavy Freight,6000t,75 km/h,Itarsi Junction,High
218,Rajdhani Express (11838),Express,600t,120 km/h,Vande Bharat Express (12352),High_Speed,430t,130 km/h,Kanpur Central,High
219,EMU Local (12883),Commuter,300t,80 km/h,Rajdhani Express (11960),Express,600t,120 km/h,Vijayawada Line,High
220,WAG-12 Heavy Freight (11277),Heavy Freight,6000t,75 km/h,Vande Bharat Express (12307),High_Speed,430t,130 km/h,Nagpur Crossing,High
221,WAG-12 Heavy Freight (11003),Heavy Freight,6000t,75 km/h,Rajdhani Express (12521),Express,600t,120 km/h,Vijayawada Line,Medium
222,WAG-12 Heavy Freight (12322),Heavy Freight,6000t,75 km/h,Bhopal Shatabdi (11000),Express,550t,110 km/h,Nagpur Crossing,Medium
223,BOXN Coal Rake (11089),Freight,4500t,60 km/h,EMU Local (11745),Commuter,300t,80 km/h,Vijayawada Line,High
224,Vande Bharat Express (12836),High_Speed,430t,130 km/h,Bhopal Shatabdi (12957),Express,550t,110 km/h,Kanpur Central,Medium
225,EMU Local (12468),Commuter,300t,80 km/h,Rajdhani Express (11832),Express,600t,120 km/h,Vijayawada Line,Low
226,Rajdhani Express (11778),Express,600t,120 km/h,Bhopal Shatabdi (12767),Express,550t,110 km/h,Nagpur Crossing,High
227,BOXN Coal Rake (12419),Freight,4500t,60 km/h,WAG-12 Heavy Freight (12277),Heavy Freight,6000t,75 km/h,Vijayawada Line,Low
228,Rajdhani Express (11875),Express,600t,120 km/h,BOXN Coal Rake (11865),Freight,4500t,60 km/h,Bhusawal Block,High
229,EMU Local (12639),Commuter,300t,80 km/h,Rajdhani Express (12608),Express,600t,120 km/h,Bhusawal Block,High
230,BOXN Coal Rake (12851),Freight,4500t,60 km/h,EMU Local (12246),Commuter,300t,80 km/h,Bhusawal Block,High
231,BOXN Coal Rake (12690),Freight,4500t,60 km/h,EMU Local (11976),Commuter,300t,80 km/h,Itarsi Junction,High
232,WAG-12 Heavy Freight (11721),Heavy Freight,6000t,75 km/h,BOXN Coal Rake (11456),Freight,4500t,60 km/h,Itarsi Junction,High
233,WAG-12 Heavy Freight (11790),Heavy Freight,6000t,75 km/h,Bhopal Shatabdi (12987),Express,550t,110 km/h,Nagpur Crossing,High
234,EMU Local (12396),Commuter,300t,80 km/h,WAG-12 Heavy Freight (11301),Heavy Freight,6000t,75 km/h,Nagpur Crossing,High
235,BOXN Coal Rake (12538),Freight,4500t,60 km/h,Rajdhani Express (11355),Express,600t,120 km/h,Bhusawal Block,Medium
236,BOXN Coal Rake (12845),Freight,4500t,60 km/h,EMU Local (11107),Commuter,300t,80 km/h,Nagpur Crossing,Medium
237,Vande Bharat Express (11816),High_Speed,430t,130 km/h,EMU Local (12391),Commuter,300t,80 km/h,Nagpur Crossing,High
238,Bhopal Shatabdi (12034),Express,550t,110 km/h,WAG-12 Heavy Freight (11562),Heavy Freight,6000t,75 km/h,Kanpur Central,High
239,BOXN Coal Rake (12397),Freight,4500t,60 km/h,EMU Local (11615),Commuter,300t,80 km/h,Kanpur Central,Medium
240,Bhopal Shatabdi (12363),Express,550t,110 km/h,BOXN Coal Rake (11426),Freight,4500t,60 km/h,Kanpur Central,High
241,WAG-12 Heavy Freight (12986),Heavy Freight,6000t,75 km/h,BOXN Coal Rake (11331),Freight,4500t,60 km/h,Kanpur Central,High
242,Rajdhani Express (11109),Express,600t,120 km/h,EMU Local (12490),Commuter,300t,80 km/h,Vijayawada Line,High
243,EMU Local (12778),Commuter,300t,80 km/h,Bhopal Shatabdi (12071),Express,550t,110 km/h,Vijayawada Line,Medium
244,Vande Bharat Express (12392),High_Speed,430t,130 km/h,Rajdhani Express (12614),Express,600t,120 km/h,Nagpur Crossing,Low
245,WAG-12 Heavy Freight (11558),Heavy Freight,6000t,75 km/h,Rajdhani Express (11251),Express,600t,120 km/h,Itarsi Junction,High
246,Vande Bharat Express (12969),High_Speed,430t,130 km/h,EMU Local (11316),Commuter,300t,80 km/h,Kanpur Central,Medium
247,BOXN Coal Rake (11566),Freight,4500t,60 km/h,Bhopal Shatabdi (12535),Express,550t,110 km/h,Bhusawal Block,Low
248,Rajdhani Express (12592),Express,600t,120 km/h,EMU Local (12685),Commuter,300t,80 km/h,Vijayawada Line,High
249,Vande Bharat Express (12539),High_Speed,430t,130 km/h,EMU Local (11840),Commuter,300t,80 km/h,Nagpur Crossing,High
250,Rajdhani Express (11125),Express,600t,120 km/h,Vande Bharat Express (12761),High_Speed,430t,130 km/h,Vijayawada Line,Low
251,Rajdhani Express (12063),Express,600t,120 km/h,EMU Local (11889),Commuter,300t,80 km/h,Itarsi Junction,High
252,BOXN Coal Rake (11664),Freight,4500t,60 km/h,Vande Bharat Express (12614),High_Speed,430t,130 km/h,Itarsi Junction,Low
253,WAG-12 Heavy Freight (12126),Heavy Freight,6000t,75 km/h,EMU Local (11351),Commuter,300t,80 km/h,Kanpur Central,High
254,WAG-12 Heavy Freight (12061),Heavy Freight,6000t,75 km/h,Bhopal Shatabdi (11801),Express,550t,110 km/h,Itarsi Junction,Medium
255,BOXN Coal Rake (12117),Freight,4500t,60 km/h,WAG-12 Heavy Freight (11361),Heavy Freight,6000t,75 km/h,Bhusawal Block,Medium
256,Rajdhani Express (12183),Express,600t,120 km/h,EMU Local (12992),Commuter,300t,80 km/h,Vijayawada Line,Low
257,BOXN Coal Rake (11054),Freight,4500t,60 km/h,WAG-12 Heavy Freight (12817),Heavy Freight,6000t,75 km/h,Kanpur Central,Medium
258,BOXN Coal Rake (12086),Freight,4500t,60 km/h,EMU Local (12308),Commuter,300t,80 km/h,Itarsi Junction,Medium
259,Bhopal Shatabdi (12733),Express,550t,110 km/h,Vande Bharat Express (12797),High_Speed,430t,130 km/h,Bhusawal Block,Medium
260,Vande Bharat Express (11006),High_Speed,430t,130 km/h,EMU Local (12879),Commuter,300t,80 km/h,Kanpur Central,Low
261,Rajdhani Express (12340),Express,600t,120 km/h,Bhopal Shatabdi (12450),Express,550t,110 km/h,Bhusawal Block,Low
262,WAG-12 Heavy Freight (11223),Heavy Freight,6000t,75 km/h,Vande Bharat Express (12830),High_Speed,430t,130 km/h,Vijayawada Line,Medium
263,Vande Bharat Express (11442),High_Speed,430t,130 km/h,WAG-12 Heavy Freight (12884),Heavy Freight,6000t,75 km/h,Kanpur Central,Medium
264,Bhopal Shatabdi (12266),Express,550t,110 km/h,Rajdhani Express (11082),Express,600t,120 km/h,Itarsi Junction,High
265,WAG-12 Heavy Freight (11717),Heavy Freight,6000t,75 km/h,EMU Local (11401),Commuter,300t,80 km/h,Bhusawal Block,High
266,Bhopal Shatabdi (12627),Express,550t,110 km/h,Rajdhani Express (11160),Express,600t,120 km/h,Nagpur Crossing,Medium
267,EMU Local (12281),Commuter,300t,80 km/h,Vande Bharat Express (11953),High_Speed,430t,130 km/h,Kanpur Central,Medium
268,Rajdhani Express (11638),Express,600t,120 km/h,WAG-12 Heavy Freight (12229),Heavy Freight,6000t,75 km/h,Kanpur Central,Low
269,EMU Local (12472),Commuter,300t,80 km/h,Vande Bharat Express (12307),High_Speed,430t,130 km/h,Nagpur Crossing,Low
270,Rajdhani Express (12031),Express,600t,120 km/h,EMU Local (11886),Commuter,300t,80 km/h,Vijayawada Line,Medium
271,Bhopal Shatabdi (12477),Express,550t,110 km/h,BOXN Coal Rake (12742),Freight,4500t,60 km/h,Nagpur Crossing,High
272,Rajdhani Express (11933),Express,600t,120 km/h,Bhopal Shatabdi (12440),Express,550t,110 km/h,Vijayawada Line,High
273,EMU Local (11750),Commuter,300t,80 km/h,Rajdhani Express (12061),Express,600t,120 km/h,Itarsi Junction,High
274,BOXN Coal Rake (11791),Freight,4500t,60 km/h,Vande Bharat Express (11923),High_Speed,430t,130 km/h,Vijayawada Line,Low
275,Rajdhani Express (11890),Express,600t,120 km/h,WAG-12 Heavy Freight (11170),Heavy Freight,6000t,75 km/h,Bhusawal Block,Medium
276,Vande Bharat Express (12185),High_Speed,430t,130 km/h,Rajdhani Express (12184),Express,600t,120 km/h,Kanpur Central,High
277,WAG-12 Heavy Freight (12808),Heavy Freight,6000t,75 km/h,Rajdhani Express (12001),Express,600t,120 km/h,Bhusawal Block,Low
278,EMU Local (11365),Commuter,300t,80 km/h,Bhopal Shatabdi (12386),Express,550t,110 km/h,Kanpur Central,Medium
279,Bhopal Shatabdi (12742),Express,550t,110 km/h,WAG-12 Heavy Freight (12517),Heavy Freight,6000t,75 km/h,Kanpur Central,Low
280,EMU Local (11048),Commuter,300t,80 km/h,BOXN Coal Rake (12990),Freight,4500t,60 km/h,Nagpur Crossing,Low
281,BOXN Coal Rake (11132),Freight,4500t,60 km/h,Vande Bharat Express (12703),High_Speed,430t,130 km/h,Vijayawada Line,Low
282,Rajdhani Express (12567),Express,600t,120 km/h,Vande Bharat Express (11131),High_Speed,430t,130 km/h,Nagpur Crossing,Medium
283,Vande Bharat Express (12386),High_Speed,430t,130 km/h,Bhopal Shatabdi (11110),Express,550t,110 km/h,Itarsi Junction,Low
284,WAG-12 Heavy Freight (12865),Heavy Freight,6000t,75 km/h,Vande Bharat Express (11875),High_Speed,430t,130 km/h,Kanpur Central,Low
285,Bhopal Shatabdi (12164),Express,550t,110 km/h,EMU Local (11403),Commuter,300t,80 km/h,Bhusawal Block,Medium
286,Rajdhani Express (12228),Express,600t,120 km/h,WAG-12 Heavy Freight (12527),Heavy Freight,6000t,75 km/h,Kanpur Central,High
287,BOXN Coal Rake (11201),Freight,4500t,60 km/h,Rajdhani Express (12034),Express,600t,120 km/h,Itarsi Junction,High
288,EMU Local (12079),Commuter,300t,80 km/h,Vande Bharat Express (12666),High_Speed,430t,130 km/h,Vijayawada Line,Low
289,Vande Bharat Express (12008),High_Speed,430t,130 km/h,Rajdhani Express (11724),Express,600t,120 km/h,Bhusawal Block,Low
290,Vande Bharat Express (12930),High_Speed,430t,130 km/h,Rajdhani Express (12728),Express,600t,120 km/h,Vijayawada Line,Low
291,BOXN Coal Rake (11369),Freight,4500t,60 km/h,Bhopal Shatabdi (12960),Express,550t,110 km/h,Kanpur Central,Medium
292,Bhopal Shatabdi (11809),Express,550t,110 km/h,WAG-12 Heavy Freight (12629),Heavy Freight,6000t,75 km/h,Kanpur Central,High
293,BOXN Coal Rake (11393),Freight,4500t,60 km/h,Rajdhani Express (11364),Express,600t,120 km/h,Vijayawada Line,Medium
294,EMU Local (11556),Commuter,300t,80 km/h,Bhopal Shatabdi (11763),Express,550t,110 km/h,Nagpur Crossing,High
295,Bhopal Shatabdi (11983),Express,550t,110 km/h,Rajdhani Express (12931),Express,600t,120 km/h,Nagpur Crossing,Medium
296,Rajdhani Express (12525),Express,600t,120 km/h,BOXN Coal Rake (11218),Freight,4500t,60 km/h,Vijayawada Line,Low
297,Rajdhani Express (11960),Express,600t,120 km/h,BOXN Coal Rake (11248),Freight,4500t,60 km/h,Nagpur Crossing,Low
298,Rajdhani Express (12563),Express,600t,120 km/h,EMU Local (12237),Commuter,300t,80 km/h,Kanpur Central,Low
299,BOXN Coal Rake (12074),Freight,4500t,60 km/h,Vande Bharat Express (12337),High_Speed,430t,130 km/h,Vijayawada Line,Medium
300,EMU Local (12046),Commuter,300t,80 km/h,Vande Bharat Express (11609),High_Speed,430t,130 km/h,Bhusawal Block,Low
301,Bhopal Shatabdi (11100),Express,550t,110 km/h,BOXN Coal Rake (11068),Freight,4500t,60 km/h,Vijayawada Line,High
302,Bhopal Shatabdi (12047),Express,550t,110 km/h,BOXN Coal Rake (12362),Freight,4500t,60 km/h,Vijayawada Line,Medium
303,EMU Local (11738),Commuter,300t,80 km/h,BOXN Coal Rake (11127),Freight,4500t,60 km/h,Bhusawal Block,Medium
304,BOXN Coal Rake (11441),Freight,4500t,60 km/h,WAG-12 Heavy Freight (11746),Heavy Freight,6000t,75 km/h,Itarsi Junction,High
305,Bhopal Shatabdi (12485),Express,550t,110 km/h,Rajdhani Express (11067),Express,600t,120 km/h,Itarsi Junction,Medium
306,WAG-12 Heavy Freight (12165),Heavy Freight,6000t,75 km/h,Rajdhani Express (12667),Express,600t,120 km/h,Bhusawal Block,Medium
307,Bhopal Shatabdi (11460),Express,550t,110 km/h,BOXN Coal Rake (11269),Freight,4500t,60 km/h,Nagpur Crossing,High
308,Bhopal Shatabdi (12459),Express,550t,110 km/h,EMU Local (11272),Commuter,300t,80 km/h,Bhusawal Block,Low
309,BOXN Coal Rake (12499),Freight,4500t,60 km/h,WAG-12 Heavy Freight (11330),Heavy Freight,6000t,75 km/h,Bhusawal Block,Medium
310,Rajdhani Express (12142),Express,600t,120 km/h,Bhopal Shatabdi (11241),Express,550t,110 km/h,Vijayawada Line,High
311,BOXN Coal Rake (12926),Freight,4500t,60 km/h,Vande Bharat Express (11872),High_Speed,430t,130 km/h,Itarsi Junction,High
312,Vande Bharat Express (12100),High_Speed,430t,130 km/h,EMU Local (11447),Commuter,300t,80 km/h,Itarsi Junction,Low
313,Vande Bharat Express (11272),High_Speed,430t,130 km/h,WAG-12 Heavy Freight (12846),Heavy Freight,6000t,75 km/h,Bhusawal Block,High
314,EMU Local (11049),Commuter,300t,80 km/h,Vande Bharat Express (11925),High_Speed,430t,130 km/h,Bhusawal Block,High
315,EMU Local (12405),Commuter,300t,80 km/h,BOXN Coal Rake (12999),Freight,4500t,60 km/h,Kanpur Central,Medium
316,WAG-12 Heavy Freight (11856),Heavy Freight,6000t,75 km/h,Bhopal Shatabdi (12701),Express,550t,110 km/h,Kanpur Central,Low
317,Bhopal Shatabdi (11989),Express,550t,110 km/h,Vande Bharat Express (12668),High_Speed,430t,130 km/h,Bhusawal Block,Medium
318,Rajdhani Express (11461),Express,600t,120 km/h,Bhopal Shatabdi (11110),Express,550t,110 km/h,Nagpur Crossing,Medium
319,BOXN Coal Rake (12503),Freight,4500t,60 km/h,Rajdhani Express (11962),Express,600t,120 km/h,Kanpur Central,Low
320,WAG-12 Heavy Freight (12152),Heavy Freight,6000t,75 km/h,Rajdhani Express (11050),Express,600t,120 km/h,Kanpur Central,Low
321,BOXN Coal Rake (11127),Freight,4500t,60 km/h,WAG-12 Heavy Freight (12752),Heavy Freight,6000t,75 km/h,Vijayawada Line,Medium
322,Vande Bharat Express (12429),High_Speed,430t,130 km/h,WAG-12 Heavy Freight (12830),Heavy Freight,6000t,75 km/h,Bhusawal Block,Medium
323,WAG-12 Heavy Freight (12786),Heavy Freight,6000t,75 km/h,Vande Bharat Express (11452),High_Speed,430t,130 km/h,Itarsi Junction,High
324,Rajdhani Express (11928),Express,600t,120 km/h,BOXN Coal Rake (11434),Freight,4500t,60 km/h,Vijayawada Line,Medium
325,BOXN Coal Rake (12739),Freight,4500t,60 km/h,Bhopal Shatabdi (11188),Express,550t,110 km/h,Kanpur Central,Medium
326,WAG-12 Heavy Freight (11999),Heavy Freight,6000t,75 km/h,Bhopal Shatabdi (11712),Express,550t,110 km/h,Kanpur Central,High
327,WAG-12 Heavy Freight (11476),Heavy Freight,6000t,75 km/h,BOXN Coal Rake (12191),Freight,4500t,60 km/h,Kanpur Central,Medium
328,BOXN Coal Rake (11950),Freight,4500t,60 km/h,Bhopal Shatabdi (11242),Express,550t,110 km/h,Kanpur Central,Medium
329,Rajdhani Express (11206),Express,600t,120 km/h,Vande Bharat Express (11286),High_Speed,430t,130 km/h,Nagpur Crossing,Medium
330,Vande Bharat Express (11629),High_Speed,430t,130 km/h,Rajdhani Express (12911),Express,600t,120 km/h,Itarsi Junction,Medium
331,Bhopal Shatabdi (11579),Express,550t,110 km/h,WAG-12 Heavy Freight (12626),Heavy Freight,6000t,75 km/h,Vijayawada Line,High
332,Rajdhani Express (11375),Express,600t,120 km/h,EMU Local (11493),Commuter,300t,80 km/h,Kanpur Central,Low
333,Rajdhani Express (12984),Express,600t,120 km/h,Vande Bharat Express (12048),High_Speed,430t,130 km/h,Kanpur Central,Low
334,Vande Bharat Express (11028),High_Speed,430t,130 km/h,EMU Local (12835),Commuter,300t,80 km/h,Itarsi Junction,High
335,Vande Bharat Express (12481),High_Speed,430t,130 km/h,Rajdhani Express (12308),Express,600t,120 km/h,Kanpur Central,Low
336,Vande Bharat Express (12126),High_Speed,430t,130 km/h,BOXN Coal Rake (11407),Freight,4500t,60 km/h,Kanpur Central,Low
337,EMU Local (11453),Commuter,300t,80 km/h,Bhopal Shatabdi (11378),Express,550t,110 km/h,Nagpur Crossing,Medium
338,BOXN Coal Rake (11054),Freight,4500t,60 km/h,WAG-12 Heavy Freight (12224),Heavy Freight,6000t,75 km/h,Vijayawada Line,Medium
339,BOXN Coal Rake (12718),Freight,4500t,60 km/h,EMU Local (11719),Commuter,300t,80 km/h,Kanpur Central,Low
340,EMU Local (12296),Commuter,300t,80 km/h,BOXN Coal Rake (11234),Freight,4500t,60 km/h,Vijayawada Line,High
341,Bhopal Shatabdi (12602),Express,550t,110 km/h,BOXN Coal Rake (12606),Freight,4500t,60 km/h,Kanpur Central,Low
342,Vande Bharat Express (12482),High_Speed,430t,130 km/h,Bhopal Shatabdi (11722),Express,550t,110 km/h,Nagpur Crossing,High
343,EMU Local (12395),Commuter,300t,80 km/h,Bhopal Shatabdi (11139),Express,550t,110 km/h,Vijayawada Line,Low
344,Bhopal Shatabdi (11558),Express,550t,110 km/h,Vande Bharat Express (12677),High_Speed,430t,130 km/h,Kanpur Central,High
345,Rajdhani Express (11075),Express,600t,120 km/h,Bhopal Shatabdi (11257),Express,550t,110 km/h,Bhusawal Block,High
346,Rajdhani Express (12703),Express,600t,120 km/h,EMU Local (11699),Commuter,300t,80 km/h,Vijayawada Line,High
347,EMU Local (11095),Commuter,300t,80 km/h,WAG-12 Heavy Freight (11309),Heavy Freight,6000t,75 km/h,Nagpur Crossing,Low
348,EMU Local (12004),Commuter,300t,80 km/h,WAG-12 Heavy Freight (11909),Heavy Freight,6000t,75 km/h,Vijayawada Line,Medium
349,BOXN Coal Rake (11100),Freight,4500t,60 km/h,WAG-12 Heavy Freight (11467),Heavy Freight,6000t,75 km/h,Kanpur Central,High
350,Vande Bharat Express (11384),High_Speed,430t,130 km/h,BOXN Coal Rake (12940),Freight,4500t,60 km/h,Bhusawal Block,High
351,Vande Bharat Express (12180),High_Speed,430t,130 km/h,BOXN Coal Rake (11767),Freight,4500t,60 km/h,Nagpur Crossing,Medium
352,Vande Bharat Express (12594),High_Speed,430t,130 km/h,EMU Local (12485),Commuter,300t,80 km/h,Nagpur Crossing,Low
353,BOXN Coal Rake (12447),Freight,4500t,60 km/h,WAG-12 Heavy Freight (12936),Heavy Freight,6000t,75 km/h,Kanpur Central,High
354,Rajdhani Express (12894),Express,600t,120 km/h,WAG-12 Heavy Freight (11777),Heavy Freight,6000t,75 km/h,Kanpur Central,Medium
355,WAG-12 Heavy Freight (12373),Heavy Freight,6000t,75 km/h,Vande Bharat Express (11321),High_Speed,430t,130 km/h,Nagpur Crossing,High
356,Bhopal Shatabdi (12238),Express,550t,110 km/h,Vande Bharat Express (11248),High_Speed,430t,130 km/h,Bhusawal Block,Medium
357,Vande Bharat Express (11687),High_Speed,430t,130 km/h,WAG-12 Heavy Freight (11820),Heavy Freight,6000t,75 km/h,Nagpur Crossing,Medium
358,EMU Local (12783),Commuter,300t,80 km/h,Rajdhani Express (12276),Express,600t,120 km/h,Vijayawada Line,Medium
359,Vande Bharat Express (12766),High_Speed,430t,130 km/h,WAG-12 Heavy Freight (11321),Heavy Freight,6000t,75 km/h,Vijayawada Line,Medium
360,Bhopal Shatabdi (11474),Express,550t,110 km/h,Rajdhani Express (12546),Express,600t,120 km/h,Vijayawada Line,Medium
361,BOXN Coal Rake (11708),Freight,4500t,60 km/h,WAG-12 Heavy Freight (12959),Heavy Freight,6000t,75 km/h,Bhusawal Block,Low
362,Bhopal Shatabdi (12449),Express,550t,110 km/h,Vande Bharat Express (11996),High_Speed,430t,130 km/h,Bhusawal Block,Medium
363,EMU Local (12243),Commuter,300t,80 km/h,WAG-12 Heavy Freight (11660),Heavy Freight,6000t,75 km/h,Vijayawada Line,High
364,Vande Bharat Express (12487),High_Speed,430t,130 km/h,WAG-12 Heavy Freight (11236),Heavy Freight,6000t,75 km/h,Vijayawada Line,Medium
365,BOXN Coal Rake (12848),Freight,4500t,60 km/h,Rajdhani Express (11662),Express,600t,120 km/h,Itarsi Junction,Low
366,WAG-12 Heavy Freight (11671),Heavy Freight,6000t,75 km/h,EMU Local (11025),Commuter,300t,80 km/h,Nagpur Crossing,Medium
367,EMU Local (12951),Commuter,300t,80 km/h,Rajdhani Express (12266),Express,600t,120 km/h,Nagpur Crossing,Medium
368,WAG-12 Heavy Freight (12124),Heavy Freight,6000t,75 km/h,Bhopal Shatabdi (12023),Express,550t,110 km/h,Itarsi Junction,High
369,Bhopal Shatabdi (12927),Express,550t,110 km/h,BOXN Coal Rake (11188),Freight,4500t,60 km/h,Nagpur Crossing,Low
370,Rajdhani Express (11818),Express,600t,120 km/h,WAG-12 Heavy Freight (11695),Heavy Freight,6000t,75 km/h,Bhusawal Block,Low
371,Vande Bharat Express (12740),High_Speed,430t,130 km/h,EMU Local (11572),Commuter,300t,80 km/h,Vijayawada Line,Medium
372,EMU Local (11567),Commuter,300t,80 km/h,Rajdhani Express (11471),Express,600t,120 km/h,Bhusawal Block,Medium
373,EMU Local (11058),Commuter,300t,80 km/h,Bhopal Shatabdi (12098),Express,550t,110 km/h,Itarsi Junction,Medium
374,Rajdhani Express (12999),Express,600t,120 km/h,Vande Bharat Express (12944),High_Speed,430t,130 km/h,Itarsi Junction,Medium
375,Vande Bharat Express (11921),High_Speed,430t,130 km/h,Rajdhani Express (11558),Express,600t,120 km/h,Itarsi Junction,High
376,BOXN Coal Rake (12008),Freight,4500t,60 km/h,Rajdhani Express (11113),Express,600t,120 km/h,Itarsi Junction,Low
377,Rajdhani Express (11145),Express,600t,120 km/h,Bhopal Shatabdi (11695),Express,550t,110 km/h,Nagpur Crossing,High
378,Bhopal Shatabdi (11765),Express,550t,110 km/h,WAG-12 Heavy Freight (12742),Heavy Freight,6000t,75 km/h,Itarsi Junction,Low
379,BOXN Coal Rake (12052),Freight,4500t,60 km/h,Bhopal Shatabdi (12457),Express,550t,110 km/h,Bhusawal Block,Low
380,Bhopal Shatabdi (11395),Express,550t,110 km/h,WAG-12 Heavy Freight (11978),Heavy Freight,6000t,75 km/h,Vijayawada Line,Medium
381,Vande Bharat Express (11368),High_Speed,430t,130 km/h,WAG-12 Heavy Freight (11968),Heavy Freight,6000t,75 km/h,Vijayawada Line,High
382,Vande Bharat Express (12642),High_Speed,430t,130 km/h,WAG-12 Heavy Freight (11591),Heavy Freight,6000t,75 km/h,Vijayawada Line,Low
383,Rajdhani Express (11076),Express,600t,120 km/h,Bhopal Shatabdi (12654),Express,550t,110 km/h,Nagpur Crossing,Medium
384,WAG-12 Heavy Freight (11337),Heavy Freight,6000t,75 km/h,Bhopal Shatabdi (12609),Express,550t,110 km/h,Vijayawada Line,Low
385,Rajdhani Express (11191),Express,600t,120 km/h,WAG-12 Heavy Freight (11009),Heavy Freight,6000t,75 km/h,Kanpur Central,High
386,Rajdhani Express (11910),Express,600t,120 km/h,Bhopal Shatabdi (11301),Express,550t,110 km/h,Itarsi Junction,High
387,Rajdhani Express (12368),Express,600t,120 km/h,EMU Local (12706),Commuter,300t,80 km/h,Bhusawal Block,Medium
388,Rajdhani Express (12077),Express,600t,120 km/h,EMU Local (12007),Commuter,300t,80 km/h,Itarsi Junction,Low
389,BOXN Coal Rake (12955),Freight,4500t,60 km/h,EMU Local (11819),Commuter,300t,80 km/h,Itarsi Junction,Low
390,Rajdhani Express (12995),Express,600t,120 km/h,BOXN Coal Rake (12877),Freight,4500t,60 km/h,Nagpur Crossing,High
391,Bhopal Shatabdi (12714),Express,550t,110 km/h,WAG-12 Heavy Freight (12017),Heavy Freight,6000t,75 km/h,Vijayawada Line,High
392,WAG-12 Heavy Freight (12525),Heavy Freight,6000t,75 km/h,Vande Bharat Express (12276),High_Speed,430t,130 km/h,Vijayawada Line,Medium
393,Vande Bharat Express (12577),High_Speed,430t,130 km/h,EMU Local (12048),Commuter,300t,80 km/h,Bhusawal Block,High
394,EMU Local (12975),Commuter,300t,80 km/h,Rajdhani Express (12269),Express,600t,120 km/h,Itarsi Junction,Medium
395,BOXN Coal Rake (12462),Freight,4500t,60 km/h,Vande Bharat Express (12473),High_Speed,430t,130 km/h,Nagpur Crossing,Low
396,WAG-12 Heavy Freight (12585),Heavy Freight,6000t,75 km/h,Rajdhani Express (11500),Express,600t,120 km/h,Kanpur Central,Low
397,Vande Bharat Express (11599),High_Speed,430t,130 km/h,EMU Local (12760),Commuter,300t,80 km/h,Nagpur Crossing,Low
398,Bhopal Shatabdi (12460),Express,550t,110 km/h,EMU Local (12333),Commuter,300t,80 km/h,Bhusawal Block,Low
399,Rajdhani Express (11211),Express,600t,120 km/h,Bhopal Shatabdi (11696),Express,550t,110 km/h,Vijayawada Line,High
400,BOXN Coal Rake (11562),Freight,4500t,60 km/h,Vande Bharat Express (12965),High_Speed,430t,130 km/h,Vijayawada Line,High
401,WAG-12 Heavy Freight (11129),Heavy Freight,6000t,75 km/h,Bhopal Shatabdi (11637),Express,550t,110 km/h,Bhusawal Block,High
402,Rajdhani Express (11633),Express,600t,120 km/h,WAG-12 Heavy Freight (12603),Heavy Freight,6000t,75 km/h,Kanpur Central,Low
403,EMU Local (12163),Commuter,300t,80 km/h,Rajdhani Express (12396),Express,600t,120 km/h,Nagpur Crossing,Low
404,Bhopal Shatabdi (12403),Express,550t,110 km/h,WAG-12 Heavy Freight (12449),Heavy Freight,6000t,75 km/h,Itarsi Junction,High
405,WAG-12 Heavy Freight (11712),Heavy Freight,6000t,75 km/h,BOXN Coal Rake (11458),Freight,4500t,60 km/h,Kanpur Central,Medium
406,WAG-12 Heavy Freight (11215),Heavy Freight,6000t,75 km/h,Vande Bharat Express (12192),High_Speed,430t,130 km/h,Bhusawal Block,Low
407,BOXN Coal Rake (12655),Freight,4500t,60 km/h,Vande Bharat Express (11310),High_Speed,430t,130 km/h,Itarsi Junction,Low
408,WAG-12 Heavy Freight (11239),Heavy Freight,6000t,75 km/h,EMU Local (12378),Commuter,300t,80 km/h,Itarsi Junction,High
409,WAG-12 Heavy Freight (12360),Heavy Freight,6000t,75 km/h,Rajdhani Express (11184),Express,600t,120 km/h,Vijayawada Line,High
410,Bhopal Shatabdi (11818),Express,550t,110 km/h,WAG-12 Heavy Freight (12000),Heavy Freight,6000t,75 km/h,Itarsi Junction,Low
411,WAG-12 Heavy Freight (11497),Heavy Freight,6000t,75 km/h,Vande Bharat Express (11901),High_Speed,430t,130 km/h,Bhusawal Block,High
412,WAG-12 Heavy Freight (11427),Heavy Freight,6000t,75 km/h,Bhopal Shatabdi (11237),Express,550t,110 km/h,Itarsi Junction,Medium
413,BOXN Coal Rake (12118),Freight,4500t,60 km/h,Rajdhani Express (12339),Express,600t,120 km/h,Vijayawada Line,High
414,Rajdhani Express (11954),Express,600t,120 km/h,WAG-12 Heavy Freight (11829),Heavy Freight,6000t,75 km/h,Bhusawal Block,Medium
415,EMU Local (11177),Commuter,300t,80 km/h,Bhopal Shatabdi (12764),Express,550t,110 km/h,Vijayawada Line,Low
416,Rajdhani Express (11251),Express,600t,120 km/h,WAG-12 Heavy Freight (12092),Heavy Freight,6000t,75 km/h,Vijayawada Line,Medium
417,Rajdhani Express (11043),Express,600t,120 km/h,BOXN Coal Rake (11413),Freight,4500t,60 km/h,Nagpur Crossing,Low
418,BOXN Coal Rake (11130),Freight,4500t,60 km/h,Rajdhani Express (12635),Express,600t,120 km/h,Bhusawal Block,High
419,BOXN Coal Rake (12886),Freight,4500t,60 km/h,Bhopal Shatabdi (12428),Express,550t,110 km/h,Kanpur Central,Medium
420,Bhopal Shatabdi (12275),Express,550t,110 km/h,BOXN Coal Rake (12626),Freight,4500t,60 km/h,Itarsi Junction,Low
421,BOXN Coal Rake (11062),Freight,4500t,60 km/h,Vande Bharat Express (12047),High_Speed,430t,130 km/h,Itarsi Junction,High
422,BOXN Coal Rake (12039),Freight,4500t,60 km/h,Rajdhani Express (12465),Express,600t,120 km/h,Bhusawal Block,Low
423,BOXN Coal Rake (11104),Freight,4500t,60 km/h,EMU Local (12887),Commuter,300t,80 km/h,Bhusawal Block,Medium
424,Rajdhani Express (11283),Express,600t,120 km/h,EMU Local (11128),Commuter,300t,80 km/h,Vijayawada Line,High
425,Rajdhani Express (11875),Express,600t,120 km/h,Bhopal Shatabdi (11578),Express,550t,110 km/h,Vijayawada Line,Low
426,EMU Local (12151),Commuter,300t,80 km/h,Rajdhani Express (11946),Express,600t,120 km/h,Bhusawal Block,Low
427,BOXN Coal Rake (11017),Freight,4500t,60 km/h,WAG-12 Heavy Freight (12210),Heavy Freight,6000t,75 km/h,Bhusawal Block,Low
428,BOXN Coal Rake (11907),Freight,4500t,60 km/h,Rajdhani Express (12132),Express,600t,120 km/h,Nagpur Crossing,Low
429,EMU Local (12369),Commuter,300t,80 km/h,Rajdhani Express (12101),Express,600t,120 km/h,Itarsi Junction,Medium
430,Rajdhani Express (12704),Express,600t,120 km/h,WAG-12 Heavy Freight (12968),Heavy Freight,6000t,75 km/h,Itarsi Junction,Low
431,Vande Bharat Express (11679),High_Speed,430t,130 km/h,Rajdhani Express (12221),Express,600t,120 km/h,Nagpur Crossing,Low
432,WAG-12 Heavy Freight (12231),Heavy Freight,6000t,75 km/h,Bhopal Shatabdi (11231),Express,550t,110 km/h,Vijayawada Line,Low
433,BOXN Coal Rake (11830),Freight,4500t,60 km/h,WAG-12 Heavy Freight (12747),Heavy Freight,6000t,75 km/h,Kanpur Central,Medium
434,EMU Local (12893),Commuter,300t,80 km/h,Bhopal Shatabdi (11408),Express,550t,110 km/h,Vijayawada Line,High
435,BOXN Coal Rake (11615),Freight,4500t,60 km/h,Bhopal Shatabdi (12746),Express,550t,110 km/h,Nagpur Crossing,Low
436,BOXN Coal Rake (11106),Freight,4500t,60 km/h,Rajdhani Express (11186),Express,600t,120 km/h,Vijayawada Line,Medium
437,EMU Local (11929),Commuter,300t,80 km/h,WAG-12 Heavy Freight (11041),Heavy Freight,6000t,75 km/h,Vijayawada Line,Low
438,WAG-12 Heavy Freight (12044),Heavy Freight,6000t,75 km/h,BOXN Coal Rake (11405),Freight,4500t,60 km/h,Nagpur Crossing,Medium
439,EMU Local (12940),Commuter,300t,80 km/h,Rajdhani Express (12188),Express,600t,120 km/h,Bhusawal Block,Medium
440,Rajdhani Express (12270),Express,600t,120 km/h,WAG-12 Heavy Freight (12366),Heavy Freight,6000t,75 km/h,Vijayawada Line,Low
441,Bhopal Shatabdi (12467),Express,550t,110 km/h,Rajdhani Express (11327),Express,600t,120 km/h,Kanpur Central,Medium
442,BOXN Coal Rake (11526),Freight,4500t,60 km/h,Vande Bharat Express (11740),High_Speed,430t,130 km/h,Nagpur Crossing,High
443,Bhopal Shatabdi (11609),Express,550t,110 km/h,EMU Local (12875),Commuter,300t,80 km/h,Itarsi Junction,Low
444,Bhopal Shatabdi (12981),Express,550t,110 km/h,WAG-12 Heavy Freight (12035),Heavy Freight,6000t,75 km/h,Bhusawal Block,Medium
445,Bhopal Shatabdi (11018),Express,550t,110 km/h,WAG-12 Heavy Freight (11481),Heavy Freight,6000t,75 km/h,Nagpur Crossing,Low
446,EMU Local (11194),Commuter,300t,80 km/h,Vande Bharat Express (12236),High_Speed,430t,130 km/h,Bhusawal Block,High
447,BOXN Coal Rake (12186),Freight,4500t,60 km/h,Bhopal Shatabdi (12116),Express,550t,110 km/h,Vijayawada Line,Medium
448,Vande Bharat Express (12707),High_Speed,430t,130 km/h,Bhopal Shatabdi (11986),Express,550t,110 km/h,Vijayawada Line,Low
449,WAG-12 Heavy Freight (11623),Heavy Freight,6000t,75 km/h,Vande Bharat Express (12658),High_Speed,430t,130 km/h,Vijayawada Line,Medium
450,Rajdhani Express (12977),Express,600t,120 km/h,Vande Bharat Express (12953),High_Speed,430t,130 km/h,Vijayawada Line,Medium
451,Bhopal Shatabdi (11827),Express,550t,110 km/h,BOXN Coal Rake (12562),Freight,4500t,60 km/h,Itarsi Junction,Medium
452,WAG-12 Heavy Freight (12006),Heavy Freight,6000t,75 km/h,Bhopal Shatabdi (11696),Express,550t,110 km/h,Itarsi Junction,Low
453,EMU Local (11821),Commuter,300t,80 km/h,Vande Bharat Express (12103),High_Speed,430t,130 km/h,Itarsi Junction,Medium
454,EMU Local (11273),Commuter,300t,80 km/h,Bhopal Shatabdi (12097),Express,550t,110 km/h,Nagpur Crossing,Medium
455,BOXN Coal Rake (11981),Freight,4500t,60 km/h,WAG-12 Heavy Freight (12733),Heavy Freight,6000t,75 km/h,Itarsi Junction,High
456,BOXN Coal Rake (12005),Freight,4500t,60 km/h,WAG-12 Heavy Freight (11396),Heavy Freight,6000t,75 km/h,Nagpur Crossing,High
457,WAG-12 Heavy Freight (12749),Heavy Freight,6000t,75 km/h,EMU Local (11699),Commuter,300t,80 km/h,Bhusawal Block,High
458,Rajdhani Express (11616),Express,600t,120 km/h,EMU Local (11979),Commuter,300t,80 km/h,Vijayawada Line,High
459,BOXN Coal Rake (11990),Freight,4500t,60 km/h,Bhopal Shatabdi (12699),Express,550t,110 km/h,Kanpur Central,Low
460,BOXN Coal Rake (12850),Freight,4500t,60 km/h,Vande Bharat Express (12595),High_Speed,430t,130 km/h,Nagpur Crossing,Medium
461,WAG-12 Heavy Freight (11786),Heavy Freight,6000t,75 km/h,BOXN Coal Rake (12004),Freight,4500t,60 km/h,Vijayawada Line,Low
462,WAG-12 Heavy Freight (11644),Heavy Freight,6000t,75 km/h,Rajdhani Express (11219),Express,600t,120 km/h,Bhusawal Block,High
463,WAG-12 Heavy Freight (11315),Heavy Freight,6000t,75 km/h,EMU Local (12575),Commuter,300t,80 km/h,Itarsi Junction,Medium
464,Bhopal Shatabdi (12450),Express,550t,110 km/h,WAG-12 Heavy Freight (12071),Heavy Freight,6000t,75 km/h,Vijayawada Line,Low
465,Rajdhani Express (11990),Express,600t,120 km/h,Vande Bharat Express (12076),High_Speed,430t,130 km/h,Itarsi Junction,Medium
466,Rajdhani Express (11110),Express,600t,120 km/h,WAG-12 Heavy Freight (11195),Heavy Freight,6000t,75 km/h,Vijayawada Line,High
467,Vande Bharat Express (12184),High_Speed,430t,130 km/h,BOXN Coal Rake (11147),Freight,4500t,60 km/h,Bhusawal Block,High
468,Bhopal Shatabdi (12656),Express,550t,110 km/h,Vande Bharat Express (12380),High_Speed,430t,130 km/h,Itarsi Junction,Low
469,EMU Local (12118),Commuter,300t,80 km/h,BOXN Coal Rake (11390),Freight,4500t,60 km/h,Itarsi Junction,Medium
470,EMU Local (12297),Commuter,300t,80 km/h,Vande Bharat Express (11927),High_Speed,430t,130 km/h,Itarsi Junction,High
471,WAG-12 Heavy Freight (12499),Heavy Freight,6000t,75 km/h,Bhopal Shatabdi (11216),Express,550t,110 km/h,Bhusawal Block,Low
472,WAG-12 Heavy Freight (12294),Heavy Freight,6000t,75 km/h,Bhopal Shatabdi (12075),Express,550t,110 km/h,Itarsi Junction,Low
473,Bhopal Shatabdi (11396),Express,550t,110 km/h,Rajdhani Express (12463),Express,600t,120 km/h,Bhusawal Block,High
474,WAG-12 Heavy Freight (11106),Heavy Freight,6000t,75 km/h,BOXN Coal Rake (11839),Freight,4500t,60 km/h,Bhusawal Block,High
475,Rajdhani Express (12887),Express,600t,120 km/h,WAG-12 Heavy Freight (11966),Heavy Freight,6000t,75 km/h,Bhusawal Block,Low
476,Vande Bharat Express (12865),High_Speed,430t,130 km/h,BOXN Coal Rake (12329),Freight,4500t,60 km/h,Nagpur Crossing,Medium
477,WAG-12 Heavy Freight (11541),Heavy Freight,6000t,75 km/h,Rajdhani Express (11868),Express,600t,120 km/h,Vijayawada Line,Medium
478,Vande Bharat Express (12002),High_Speed,430t,130 km/h,Bhopal Shatabdi (11299),Express,550t,110 km/h,Itarsi Junction,Low
479,BOXN Coal Rake (11411),Freight,4500t,60 km/h,Vande Bharat Express (12314),High_Speed,430t,130 km/h,Kanpur Central,Medium
480,Vande Bharat Express (12663),High_Speed,430t,130 km/h,WAG-12 Heavy Freight (11824),Heavy Freight,6000t,75 km/h,Itarsi Junction,Medium
481,WAG-12 Heavy Freight (11804),Heavy Freight,6000t,75 km/h,EMU Local (12407),Commuter,300t,80 km/h,Vijayawada Line,Medium
482,Vande Bharat Express (12263),High_Speed,430t,130 km/h,BOXN Coal Rake (11514),Freight,4500t,60 km/h,Bhusawal Block,Medium
483,Vande Bharat Express (11626),High_Speed,430t,130 km/h,WAG-12 Heavy Freight (12089),Heavy Freight,6000t,75 km/h,Kanpur Central,High
484,BOXN Coal Rake (11307),Freight,4500t,60 km/h,Rajdhani Express (11680),Express,600t,120 km/h,Bhusawal Block,Medium
485,EMU Local (12530),Commuter,300t,80 km/h,Bhopal Shatabdi (11697),Express,550t,110 km/h,Itarsi Junction,Medium
486,Bhopal Shatabdi (12384),Express,550t,110 km/h,Rajdhani Express (12339),Express,600t,120 km/h,Kanpur Central,Low
487,BOXN Coal Rake (11106),Freight,4500t,60 km/h,WAG-12 Heavy Freight (11271),Heavy Freight,6000t,75 km/h,Itarsi Junction,Low
488,Bhopal Shatabdi (11953),Express,550t,110 km/h,EMU Local (12679),Commuter,300t,80 km/h,Nagpur Crossing,Medium
489,BOXN Coal Rake (12046),Freight,4500t,60 km/h,Rajdhani Express (12906),Express,600t,120 km/h,Vijayawada Line,High
490,BOXN Coal Rake (11483),Freight,4500t,60 km/h,Bhopal Shatabdi (11924),Express,550t,110 km/h,Vijayawada Line,Low
491,WAG-12 Heavy Freight (12384),Heavy Freight,6000t,75 km/h,EMU Local (12265),Commuter,300t,80 km/h,Vijayawada Line,High
492,BOXN Coal Rake (11453),Freight,4500t,60 km/h,WAG-12 Heavy Freight (11078),Heavy Freight,6000t,75 km/h,Bhusawal Block,Low
493,Rajdhani Express (11866),Express,600t,120 km/h,WAG-12 Heavy Freight (12557),Heavy Freight,6000t,75 km/h,Bhusawal Block,Medium
494,Bhopal Shatabdi (11622),Express,550t,110 km/h,Vande Bharat Express (11022),High_Speed,430t,130 km/h,Vijayawada Line,Low
495,BOXN Coal Rake (12049),Freight,4500t,60 km/h,Rajdhani Express (12760),Express,600t,120 km/h,Kanpur Central,High
496,BOXN Coal Rake (11353),Freight,4500t,60 km/h,Rajdhani Express (12010),Express,600t,120 km/h,Vijayawada Line,Medium
497,Rajdhani Express (11481),Express,600t,120 km/h,BOXN Coal Rake (12923),Freight,4500t,60 km/h,Itarsi Junction,Low
498,Rajdhani Express (11095),Express,600t,120 km/h,WAG-12 Heavy Freight (12326),Heavy Freight,6000t,75 km/h,Vijayawada Line,Medium
499,WAG-12 Heavy Freight (11178),Heavy Freight,6000t,75 km/h,Rajdhani Express (11674),Express,600t,120 km/h,Nagpur Crossing,High
500,WAG-12 Heavy Freight (12971),Heavy Freight,6000t,75 km/h,Vande Bharat Express (11981),High_Speed,430t,130 km/h,Bhusawal Block,Medium
